[
{
    "model": "VariantDatabase.section",
    "pk": 1,
    "fields": {
        "owner": 1,
        "title": "Germline",
        "description": "Germline"
    }
},
{
    "model": "VariantDatabase.section",
    "pk": 2,
    "fields": {
        "owner": 1,
        "title": "Prenatal",
        "description": "Prenatal"
    }
},
{
    "model": "VariantDatabase.section",
    "pk": 3,
    "fields": {
        "owner": 1,
        "title": "Rare Disease",
        "description": "RareDisease"
    }
},
{
    "model": "VariantDatabase.section",
    "pk": 4,
    "fields": {
        "owner": 1,
        "title": "Cancer",
        "description": "Cancer"
    }
},
{
    "model": "VariantDatabase.section",
    "pk": 5,
    "fields": {
        "owner": 1,
        "title": "Haemato-Oncology",
        "description": "Haemato-Oncology"
    }
},
{
    "model": "VariantDatabase.samplefilter",
    "pk": 1,
    "fields": {
        "name": "default",
        "upstream_gene_variant": true,
        "transcript_amplification": true,
        "transcript_ablation": true,
        "synonymous_variant": true,
        "start_retained_variant": true,
        "stop_retained_variant": true,
        "stop_lost": true,
        "stop_gained": true,
        "start_lost": true,
        "splice_region_variant": true,
        "splice_donor_variant": true,
        "splice_acceptor_variant": true,
        "regulatory_region_variant": true,
        "regulatory_region_amplification": true,
        "regulatory_region_ablation": true,
        "protein_altering_variant": true,
        "non_coding_transcript_variant": true,
        "non_coding_transcript_exon_variant": true,
        "missense_variant": true,
        "mature_miRNA_variant": true,
        "intron_variant": true,
        "intergenic_variant": true,
        "inframe_insertion": true,
        "inframe_deletion": true,
        "incomplete_terminal_codon_variant": true,
        "frameshift_variant": true,
        "feature_truncation": true,
        "feature_elongation": true,
        "downstream_gene_variant": true,
        "coding_sequence_variant": true,
        "TF_binding_site_variant": true,
        "TFBS_amplification": true,
        "TFBS_ablation": true,
        "NMD_transcript_variant": true,
        "five_prime_UTR_variant": true,
        "three_prime_UTR_variant": true,
        "freq_max_af": 1.0
    }
},
{
    "model": "VariantDatabase.subsection",
    "pk": "MPN_SureSeq_OGT",
    "fields": {
        "section": 5,
        "min_read_count": 700000,
        "min_average_read_length": 135,
        "max_average_read_length": 300,
        "min_mapped_rate": 0.95,
        "max_error_rate": 0.01,
        "default_filter": 1
    }
},
{
    "model": "VariantDatabase.panel",
    "pk": 1,
    "fields": {
        "name": "D-MPD-001",
        "description": "First panel",
        "subsection": "MPN_SureSeq_OGT",
        "locked": true
    }
},
{
    "model": "VariantDatabase.panel",
    "pk": 3,
    "fields": {
        "name": "None",
        "description": "None",
        "subsection": null,
        "locked": true
    }
},
{
    "model": "VariantDatabase.panel",
    "pk": 4,
    "fields": {
        "name": "D-MPD-003",
        "description": "None",
        "subsection": "MPN_SureSeq_OGT",
        "locked": true
    }
},
{
    "model": "VariantDatabase.consequence",
    "pk": "3_prime_UTR_variant",
    "fields": {
        "impact": 21
    }
},
{
    "model": "VariantDatabase.consequence",
    "pk": "5_prime_UTR_variant",
    "fields": {
        "impact": 20
    }
},
{
    "model": "VariantDatabase.consequence",
    "pk": "NMD_transcript_variant",
    "fields": {
        "impact": 24
    }
},
{
    "model": "VariantDatabase.consequence",
    "pk": "TFBS_ablation",
    "fields": {
        "impact": 28
    }
},
{
    "model": "VariantDatabase.consequence",
    "pk": "TFBS_amplification",
    "fields": {
        "impact": 29
    }
},
{
    "model": "VariantDatabase.consequence",
    "pk": "TF_binding_site_variant",
    "fields": {
        "impact": 30
    }
},
{
    "model": "VariantDatabase.consequence",
    "pk": "coding_sequence_variant",
    "fields": {
        "impact": 18
    }
},
{
    "model": "VariantDatabase.consequence",
    "pk": "downstream_gene_variant",
    "fields": {
        "impact": 27
    }
},
{
    "model": "VariantDatabase.consequence",
    "pk": "feature_elongation",
    "fields": {
        "impact": 33
    }
},
{
    "model": "VariantDatabase.consequence",
    "pk": "feature_truncation",
    "fields": {
        "impact": 35
    }
},
{
    "model": "VariantDatabase.consequence",
    "pk": "frameshift_variant",
    "fields": {
        "impact": 5
    }
},
{
    "model": "VariantDatabase.consequence",
    "pk": "incomplete_terminal_codon_variant",
    "fields": {
        "impact": 14
    }
},
{
    "model": "VariantDatabase.consequence",
    "pk": "inframe_deletion",
    "fields": {
        "impact": 10
    }
},
{
    "model": "VariantDatabase.consequence",
    "pk": "inframe_insertion",
    "fields": {
        "impact": 9
    }
},
{
    "model": "VariantDatabase.consequence",
    "pk": "intergenic_variant",
    "fields": {
        "impact": 36
    }
},
{
    "model": "VariantDatabase.consequence",
    "pk": "intron_variant",
    "fields": {
        "impact": 23
    }
},
{
    "model": "VariantDatabase.consequence",
    "pk": "mature_miRNA_variant",
    "fields": {
        "impact": 19
    }
},
{
    "model": "VariantDatabase.consequence",
    "pk": "missense_variant",
    "fields": {
        "impact": 11
    }
},
{
    "model": "VariantDatabase.consequence",
    "pk": "non_coding_transcript_exon_variant",
    "fields": {
        "impact": 21
    }
},
{
    "model": "VariantDatabase.consequence",
    "pk": "non_coding_transcript_variant",
    "fields": {
        "impact": 25
    }
},
{
    "model": "VariantDatabase.consequence",
    "pk": "protein_altering_variant",
    "fields": {
        "impact": 12
    }
},
{
    "model": "VariantDatabase.consequence",
    "pk": "regulatory_region_ablation",
    "fields": {
        "impact": 31
    }
},
{
    "model": "VariantDatabase.consequence",
    "pk": "regulatory_region_amplification",
    "fields": {
        "impact": 32
    }
},
{
    "model": "VariantDatabase.consequence",
    "pk": "regulatory_region_variant",
    "fields": {
        "impact": 34
    }
},
{
    "model": "VariantDatabase.consequence",
    "pk": "splice_acceptor_variant",
    "fields": {
        "impact": 2
    }
},
{
    "model": "VariantDatabase.consequence",
    "pk": "splice_donor_variant",
    "fields": {
        "impact": 3
    }
},
{
    "model": "VariantDatabase.consequence",
    "pk": "splice_region_variant",
    "fields": {
        "impact": 13
    }
},
{
    "model": "VariantDatabase.consequence",
    "pk": "start_lost",
    "fields": {
        "impact": 7
    }
},
{
    "model": "VariantDatabase.consequence",
    "pk": "start_retained_variant",
    "fields": {
        "impact": 15
    }
},
{
    "model": "VariantDatabase.consequence",
    "pk": "stop_gained",
    "fields": {
        "impact": 4
    }
},
{
    "model": "VariantDatabase.consequence",
    "pk": "stop_lost",
    "fields": {
        "impact": 6
    }
},
{
    "model": "VariantDatabase.consequence",
    "pk": "stop_retained_variant",
    "fields": {
        "impact": 16
    }
},
{
    "model": "VariantDatabase.consequence",
    "pk": "synonymous_variant",
    "fields": {
        "impact": 17
    }
},
{
    "model": "VariantDatabase.consequence",
    "pk": "transcript_ablation",
    "fields": {
        "impact": 1
    }
},
{
    "model": "VariantDatabase.consequence",
    "pk": "transcript_amplification",
    "fields": {
        "impact": 8
    }
},
{
    "model": "VariantDatabase.consequence",
    "pk": "upstream_gene_variant",
    "fields": {
        "impact": 26
    }
},
{
    "model": "VariantDatabase.gene",
    "pk": 207,
    "fields": {
        "name": "JAK2"
    }
},
{
    "model": "VariantDatabase.gene",
    "pk": 208,
    "fields": {
        "name": "CALR"
    }
},
{
    "model": "VariantDatabase.gene",
    "pk": 209,
    "fields": {
        "name": "MPL"
    }
},
{
    "model": "VariantDatabase.gene",
    "pk": 210,
    "fields": {
        "name": "CBL"
    }
},
{
    "model": "VariantDatabase.gene",
    "pk": 211,
    "fields": {
        "name": "ASXL1"
    }
},
{
    "model": "VariantDatabase.gene",
    "pk": 212,
    "fields": {
        "name": "CSF3R"
    }
},
{
    "model": "VariantDatabase.gene",
    "pk": 213,
    "fields": {
        "name": "DNMT3A"
    }
},
{
    "model": "VariantDatabase.gene",
    "pk": 214,
    "fields": {
        "name": "EGLN1"
    }
},
{
    "model": "VariantDatabase.gene",
    "pk": 215,
    "fields": {
        "name": "EPAS1"
    }
},
{
    "model": "VariantDatabase.gene",
    "pk": 216,
    "fields": {
        "name": "EPOR"
    }
},
{
    "model": "VariantDatabase.gene",
    "pk": 217,
    "fields": {
        "name": "EZH2"
    }
},
{
    "model": "VariantDatabase.gene",
    "pk": 218,
    "fields": {
        "name": "IDH1"
    }
},
{
    "model": "VariantDatabase.gene",
    "pk": 219,
    "fields": {
        "name": "IDH2"
    }
},
{
    "model": "VariantDatabase.gene",
    "pk": 220,
    "fields": {
        "name": "KIT"
    }
},
{
    "model": "VariantDatabase.gene",
    "pk": 221,
    "fields": {
        "name": "KRAS"
    }
},
{
    "model": "VariantDatabase.gene",
    "pk": 222,
    "fields": {
        "name": "NRAS"
    }
},
{
    "model": "VariantDatabase.gene",
    "pk": 223,
    "fields": {
        "name": "RUNX1"
    }
},
{
    "model": "VariantDatabase.gene",
    "pk": 224,
    "fields": {
        "name": "SETBP1"
    }
},
{
    "model": "VariantDatabase.gene",
    "pk": 225,
    "fields": {
        "name": "SF3B1"
    }
},
{
    "model": "VariantDatabase.gene",
    "pk": 226,
    "fields": {
        "name": "SH2B3"
    }
},
{
    "model": "VariantDatabase.gene",
    "pk": 227,
    "fields": {
        "name": "SRSF2"
    }
},
{
    "model": "VariantDatabase.gene",
    "pk": 228,
    "fields": {
        "name": "TET2"
    }
},
{
    "model": "VariantDatabase.gene",
    "pk": 229,
    "fields": {
        "name": "TP53"
    }
},
{
    "model": "VariantDatabase.gene",
    "pk": 230,
    "fields": {
        "name": "U2AF1"
    }
},
{
    "model": "VariantDatabase.gene",
    "pk": 231,
    "fields": {
        "name": "VHL"
    }
},
{
    "model": "VariantDatabase.panelgene",
    "pk": 5,
    "fields": {
        "panel": 1,
        "gene": 207
    }
},
{
    "model": "VariantDatabase.panelgene",
    "pk": 6,
    "fields": {
        "panel": 1,
        "gene": 208
    }
},
{
    "model": "VariantDatabase.panelgene",
    "pk": 7,
    "fields": {
        "panel": 1,
        "gene": 209
    }
},
{
    "model": "VariantDatabase.panelgene",
    "pk": 8,
    "fields": {
        "panel": 1,
        "gene": 210
    }
},
{
    "model": "VariantDatabase.panelgene",
    "pk": 21,
    "fields": {
        "panel": 4,
        "gene": 211
    }
},
{
    "model": "VariantDatabase.panelgene",
    "pk": 22,
    "fields": {
        "panel": 4,
        "gene": 208
    }
},
{
    "model": "VariantDatabase.panelgene",
    "pk": 23,
    "fields": {
        "panel": 4,
        "gene": 210
    }
},
{
    "model": "VariantDatabase.panelgene",
    "pk": 24,
    "fields": {
        "panel": 4,
        "gene": 212
    }
},
{
    "model": "VariantDatabase.panelgene",
    "pk": 25,
    "fields": {
        "panel": 4,
        "gene": 213
    }
},
{
    "model": "VariantDatabase.panelgene",
    "pk": 26,
    "fields": {
        "panel": 4,
        "gene": 214
    }
},
{
    "model": "VariantDatabase.panelgene",
    "pk": 27,
    "fields": {
        "panel": 4,
        "gene": 215
    }
},
{
    "model": "VariantDatabase.panelgene",
    "pk": 28,
    "fields": {
        "panel": 4,
        "gene": 216
    }
},
{
    "model": "VariantDatabase.panelgene",
    "pk": 29,
    "fields": {
        "panel": 4,
        "gene": 217
    }
},
{
    "model": "VariantDatabase.panelgene",
    "pk": 30,
    "fields": {
        "panel": 4,
        "gene": 218
    }
},
{
    "model": "VariantDatabase.panelgene",
    "pk": 31,
    "fields": {
        "panel": 4,
        "gene": 219
    }
},
{
    "model": "VariantDatabase.panelgene",
    "pk": 32,
    "fields": {
        "panel": 4,
        "gene": 207
    }
},
{
    "model": "VariantDatabase.panelgene",
    "pk": 33,
    "fields": {
        "panel": 4,
        "gene": 220
    }
},
{
    "model": "VariantDatabase.panelgene",
    "pk": 34,
    "fields": {
        "panel": 4,
        "gene": 221
    }
},
{
    "model": "VariantDatabase.panelgene",
    "pk": 35,
    "fields": {
        "panel": 4,
        "gene": 209
    }
},
{
    "model": "VariantDatabase.panelgene",
    "pk": 36,
    "fields": {
        "panel": 4,
        "gene": 222
    }
},
{
    "model": "VariantDatabase.panelgene",
    "pk": 37,
    "fields": {
        "panel": 4,
        "gene": 223
    }
},
{
    "model": "VariantDatabase.panelgene",
    "pk": 38,
    "fields": {
        "panel": 4,
        "gene": 224
    }
},
{
    "model": "VariantDatabase.panelgene",
    "pk": 39,
    "fields": {
        "panel": 4,
        "gene": 225
    }
},
{
    "model": "VariantDatabase.panelgene",
    "pk": 40,
    "fields": {
        "panel": 4,
        "gene": 226
    }
},
{
    "model": "VariantDatabase.panelgene",
    "pk": 41,
    "fields": {
        "panel": 4,
        "gene": 227
    }
},
{
    "model": "VariantDatabase.panelgene",
    "pk": 42,
    "fields": {
        "panel": 4,
        "gene": 228
    }
},
{
    "model": "VariantDatabase.panelgene",
    "pk": 43,
    "fields": {
        "panel": 4,
        "gene": 229
    }
},
{
    "model": "VariantDatabase.panelgene",
    "pk": 44,
    "fields": {
        "panel": 4,
        "gene": 230
    }
},
{
    "model": "VariantDatabase.panelgene",
    "pk": 45,
    "fields": {
        "panel": 4,
        "gene": 231
    }
},
{
    "model": "VariantDatabase.classification",
    "pk": 1,
    "fields": {
        "name": "DNI",
        "subsection": "MPN_SureSeq_OGT"
    }
},
{
    "model": "VariantDatabase.classification",
    "pk": 2,
    "fields": {
        "name": "Investigate",
        "subsection": "MPN_SureSeq_OGT"
    }
},
{
    "model": "VariantDatabase.classification",
    "pk": 3,
    "fields": {
        "name": "Tier1",
        "subsection": "MPN_SureSeq_OGT"
    }
},
{
    "model": "VariantDatabase.classification",
    "pk": 4,
    "fields": {
        "name": "Tier2",
        "subsection": "MPN_SureSeq_OGT"
    }
},
{
    "model": "VariantDatabase.classification",
    "pk": 5,
    "fields": {
        "name": "Tier3",
        "subsection": "MPN_SureSeq_OGT"
    }
},
{
    "model": "VariantDatabase.classification",
    "pk": 6,
    "fields": {
        "name": "Tier4",
        "subsection": "MPN_SureSeq_OGT"
    }
},
{
    "model": "VariantDatabase.classification",
    "pk": 7,
    "fields": {
        "name": "WT",
        "subsection": "MPN_SureSeq_OGT"
    }
},
{
    "model": "VariantDatabase.classification",
    "pk": 8,
    "fields": {
        "name": "Artefact",
        "subsection": "MPN_SureSeq_OGT"
    }
},
{
    "model": "VariantDatabase.classification",
    "pk": 9,
    "fields": {
        "name": "NA",
        "subsection": "MPN_SureSeq_OGT"
    }
},
{
    "model": "VariantDatabase.classification",
    "pk": 10,
    "fields": {
        "name": "Outside_ROI",
        "subsection": "MPN_SureSeq_OGT"
    }
},
{
    "model": "VariantDatabase.classification",
    "pk": 11,
    "fields": {
        "name": "Poly",
        "subsection": "MPN_SureSeq_OGT"
    }
}
]
